seq,prediction
MAVSESQLKKMVSKYKYRDLTVRETV,0
AVSESQLKKMVSKYKYRDLTVRETVN,0
VSESQLKKMVSKYKYRDLTVRETVNV,0
SESQLKKMVSKYKYRDLTVRETVNVI,0
ESQLKKMVSKYKYRDLTVRETVNVIT,0
SQLKKMVSKYKYRDLTVRETVNVITL,0
QLKKMVSKYKYRDLTVRETVNVITLY,0
LKKMVSKYKYRDLTVRETVNVITLYK,0
KKMVSKYKYRDLTVRETVNVITLYKD,0
KMVSKYKYRDLTVRETVNVITLYKDL,0
MVSKYKYRDLTVRETVNVITLYKDLK,0
VSKYKYRDLTVRETVNVITLYKDLKP,0
SKYKYRDLTVRETVNVITLYKDLKPV,0
KYKYRDLTVRETVNVITLYKDLKPVL,0
YKYRDLTVRETVNVITLYKDLKPVLD,0
KYRDLTVRETVNVITLYKDLKPVLDS,0
YRDLTVRETVNVITLYKDLKPVLDSY,0
RDLTVRETVNVITLYKDLKPVLDSYV,0
DLTVRETVNVITLYKDLKPVLDSYVF,0
LTVRETVNVITLYKDLKPVLDSYVFN,0
TVRETVNVITLYKDLKPVLDSYVFND,0
VRETVNVITLYKDLKPVLDSYVFNDG,0
RETVNVITLYKDLKPVLDSYVFNDGS,0
ETVNVITLYKDLKPVLDSYVFNDGSS,0
TVNVITLYKDLKPVLDSYVFNDGSSR,0
VNVITLYKDLKPVLDSYVFNDGSSRE,0
NVITLYKDLKPVLDSYVFNDGSSREL,0
VITLYKDLKPVLDSYVFNDGSSRELM,0
ITLYKDLKPVLDSYVFNDGSSRELMN,0
TLYKDLKPVLDSYVFNDGSSRELMNL,0
LYKDLKPVLDSYVFNDGSSRELMNLT,0
YKDLKPVLDSYVFNDGSSRELMNLTG,0
KDLKPVLDSYVFNDGSSRELMNLTGT,0
DLKPVLDSYVFNDGSSRELMNLTGTI,0
LKPVLDSYVFNDGSSRELMNLTGTIP,0
KPVLDSYVFNDGSSRELMNLTGTIPV,0
PVLDSYVFNDGSSRELMNLTGTIPVP,0
VLDSYVFNDGSSRELMNLTGTIPVPY,0
LDSYVFNDGSSRELMNLTGTIPVPYR,0
DSYVFNDGSSRELMNLTGTIPVPYRG,0
SYVFNDGSSRELMNLTGTIPVPYRGN,0
YVFNDGSSRELMNLTGTIPVPYRGNT,0
VFNDGSSRELMNLTGTIPVPYRGNTY,0
FNDGSSRELMNLTGTIPVPYRGNTYN,0
NDGSSRELMNLTGTIPVPYRGNTYNI,0
DGSSRELMNLTGTIPVPYRGNTYNIP,0
GSSRELMNLTGTIPVPYRGNTYNIPI,0
SSRELMNLTGTIPVPYRGNTYNIPIC,0
SRELMNLTGTIPVPYRGNTYNIPICL,0
RELMNLTGTIPVPYRGNTYNIPICLW,0
ELMNLTGTIPVPYRGNTYNIPICLWL,0
LMNLTGTIPVPYRGNTYNIPICLWLL,0
MNLTGTIPVPYRGNTYNIPICLWLLD,0
NLTGTIPVPYRGNTYNIPICLWLLDT,0
LTGTIPVPYRGNTYNIPICLWLLDTY,0
TGTIPVPYRGNTYNIPICLWLLDTYP,0
GTIPVPYRGNTYNIPICLWLLDTYPY,0
TIPVPYRGNTYNIPICLWLLDTYPYN,0
IPVPYRGNTYNIPICLWLLDTYPYNP,0
PVPYRGNTYNIPICLWLLDTYPYNPP,0
VPYRGNTYNIPICLWLLDTYPYNPPI,0
PYRGNTYNIPICLWLLDTYPYNPPIC,0
YRGNTYNIPICLWLLDTYPYNPPICF,0
RGNTYNIPICLWLLDTYPYNPPICFV,0
GNTYNIPICLWLLDTYPYNPPICFVK,0
NTYNIPICLWLLDTYPYNPPICFVKP,0
TYNIPICLWLLDTYPYNPPICFVKPT,0
YNIPICLWLLDTYPYNPPICFVKPTS,0
NIPICLWLLDTYPYNPPICFVKPTSS,0
IPICLWLLDTYPYNPPICFVKPTSSM,0
PICLWLLDTYPYNPPICFVKPTSSMT,0
ICLWLLDTYPYNPPICFVKPTSSMTI,0
CLWLLDTYPYNPPICFVKPTSSMTIK,0
LWLLDTYPYNPPICFVKPTSSMTIKT,0
WLLDTYPYNPPICFVKPTSSMTIKTG,0
LLDTYPYNPPICFVKPTSSMTIKTGK,0
LDTYPYNPPICFVKPTSSMTIKTGKH,0
DTYPYNPPICFVKPTSSMTIKTGKHV,0
TYPYNPPICFVKPTSSMTIKTGKHVD,0
YPYNPPICFVKPTSSMTIKTGKHVDA,0
PYNPPICFVKPTSSMTIKTGKHVDAN,0
YNPPICFVKPTSSMTIKTGKHVDANG,0
NPPICFVKPTSSMTIKTGKHVDANGK,0
PPICFVKPTSSMTIKTGKHVDANGKI,0
PICFVKPTSSMTIKTGKHVDANGKIY,0
ICFVKPTSSMTIKTGKHVDANGKIYL,0
CFVKPTSSMTIKTGKHVDANGKIYLP,0
FVKPTSSMTIKTGKHVDANGKIYLPY,0
VKPTSSMTIKTGKHVDANGKIYLPYL,0
KPTSSMTIKTGKHVDANGKIYLPYLH,0
PTSSMTIKTGKHVDANGKIYLPYLHE,0
TSSMTIKTGKHVDANGKIYLPYLHEW,0
SSMTIKTGKHVDANGKIYLPYLHEWK,0
SMTIKTGKHVDANGKIYLPYLHEWKH,0
MTIKTGKHVDANGKIYLPYLHEWKHP,0
TIKTGKHVDANGKIYLPYLHEWKHPQ,0
IKTGKHVDANGKIYLPYLHEWKHPQS,0
KTGKHVDANGKIYLPYLHEWKHPQSD,0
TGKHVDANGKIYLPYLHEWKHPQSDL,0
GKHVDANGKIYLPYLHEWKHPQSDLL,0
KHVDANGKIYLPYLHEWKHPQSDLLG,0
HVDANGKIYLPYLHEWKHPQSDLLGL,0
VDANGKIYLPYLHEWKHPQSDLLGLI,0
DANGKIYLPYLHEWKHPQSDLLGLIQ,0
ANGKIYLPYLHEWKHPQSDLLGLIQV,0
NGKIYLPYLHEWKHPQSDLLGLIQVM,0
GKIYLPYLHEWKHPQSDLLGLIQVMI,0
KIYLPYLHEWKHPQSDLLGLIQVMIV,0
IYLPYLHEWKHPQSDLLGLIQVMIVV,0
YLPYLHEWKHPQSDLLGLIQVMIVVF,0
LPYLHEWKHPQSDLLGLIQVMIVVFG,0
PYLHEWKHPQSDLLGLIQVMIVVFGD,0
YLHEWKHPQSDLLGLIQVMIVVFGDE,0
LHEWKHPQSDLLGLIQVMIVVFGDEP,0
HEWKHPQSDLLGLIQVMIVVFGDEPP,0
EWKHPQSDLLGLIQVMIVVFGDEPPV,0
WKHPQSDLLGLIQVMIVVFGDEPPVF,0
KHPQSDLLGLIQVMIVVFGDEPPVFS,0
HPQSDLLGLIQVMIVVFGDEPPVFSR,0
PQSDLLGLIQVMIVVFGDEPPVFSRP,0
QSDLLGLIQVMIVVFGDEPPVFSRPI,0
SDLLGLIQVMIVVFGDEPPVFSRPIS,0
DLLGLIQVMIVVFGDEPPVFSRPISA,0
LLGLIQVMIVVFGDEPPVFSRPISAS,0
LGLIQVMIVVFGDEPPVFSRPISASY,0
GLIQVMIVVFGDEPPVFSRPISASYP,0
LIQVMIVVFGDEPPVFSRPISASYPP,0
IQVMIVVFGDEPPVFSRPISASYPPY,0
QVMIVVFGDEPPVFSRPISASYPPYQ,0
VMIVVFGDEPPVFSRPISASYPPYQA,1
MIVVFGDEPPVFSRPISASYPPYQAT,1
IVVFGDEPPVFSRPISASYPPYQATG,0
VVFGDEPPVFSRPISASYPPYQATGP,1
VFGDEPPVFSRPISASYPPYQATGPP,1
FGDEPPVFSRPISASYPPYQATGPPN,1
GDEPPVFSRPISASYPPYQATGPPNT,1
DEPPVFSRPISASYPPYQATGPPNTS,1
EPPVFSRPISASYPPYQATGPPNTSY,1
PPVFSRPISASYPPYQATGPPNTSYM,1
PVFSRPISASYPPYQATGPPNTSYMP,1
VFSRPISASYPPYQATGPPNTSYMPG,1
FSRPISASYPPYQATGPPNTSYMPGM,1
SRPISASYPPYQATGPPNTSYMPGMP,1
RPISASYPPYQATGPPNTSYMPGMPG,1
PISASYPPYQATGPPNTSYMPGMPGG,0
ISASYPPYQATGPPNTSYMPGMPGGI,0
SASYPPYQATGPPNTSYMPGMPGGIS,0
ASYPPYQATGPPNTSYMPGMPGGISP,0
SYPPYQATGPPNTSYMPGMPGGISPY,0
YPPYQATGPPNTSYMPGMPGGISPYP,0
PPYQATGPPNTSYMPGMPGGISPYPS,0
PYQATGPPNTSYMPGMPGGISPYPSG,0
YQATGPPNTSYMPGMPGGISPYPSGY,0
QATGPPNTSYMPGMPGGISPYPSGYP,0
ATGPPNTSYMPGMPGGISPYPSGYPP,0
TGPPNTSYMPGMPGGISPYPSGYPPN,0
GPPNTSYMPGMPGGISPYPSGYPPNP,0
PPNTSYMPGMPGGISPYPSGYPPNPS,1
PNTSYMPGMPGGISPYPSGYPPNPSG,0
NTSYMPGMPGGISPYPSGYPPNPSGY,0
TSYMPGMPGGISPYPSGYPPNPSGYP,0
SYMPGMPGGISPYPSGYPPNPSGYPG,0
YMPGMPGGISPYPSGYPPNPSGYPGC,0
MPGMPGGISPYPSGYPPNPSGYPGCP,0
PGMPGGISPYPSGYPPNPSGYPGCPY,0
GMPGGISPYPSGYPPNPSGYPGCPYP,0
MPGGISPYPSGYPPNPSGYPGCPYPP,0
PGGISPYPSGYPPNPSGYPGCPYPPG,0
GGISPYPSGYPPNPSGYPGCPYPPGG,0
GISPYPSGYPPNPSGYPGCPYPPGGP,0
ISPYPSGYPPNPSGYPGCPYPPGGPY,0
SPYPSGYPPNPSGYPGCPYPPGGPYP,0
PYPSGYPPNPSGYPGCPYPPGGPYPA,1
YPSGYPPNPSGYPGCPYPPGGPYPAT,0
PSGYPPNPSGYPGCPYPPGGPYPATT,0
SGYPPNPSGYPGCPYPPGGPYPATTS,1
GYPPNPSGYPGCPYPPGGPYPATTSS,1
YPPNPSGYPGCPYPPGGPYPATTSSQ,1
PPNPSGYPGCPYPPGGPYPATTSSQY,1
PNPSGYPGCPYPPGGPYPATTSSQYP,1
NPSGYPGCPYPPGGPYPATTSSQYPS,1
PSGYPGCPYPPGGPYPATTSSQYPSQ,1
SGYPGCPYPPGGPYPATTSSQYPSQP,1
GYPGCPYPPGGPYPATTSSQYPSQPP,1
YPGCPYPPGGPYPATTSSQYPSQPPV,1
PGCPYPPGGPYPATTSSQYPSQPPVT,1
GCPYPPGGPYPATTSSQYPSQPPVTT,1
CPYPPGGPYPATTSSQYPSQPPVTTV,1
PYPPGGPYPATTSSQYPSQPPVTTVG,1
YPPGGPYPATTSSQYPSQPPVTTVGP,1
PPGGPYPATTSSQYPSQPPVTTVGPS,1
PGGPYPATTSSQYPSQPPVTTVGPSR,1
GGPYPATTSSQYPSQPPVTTVGPSRD,0
GPYPATTSSQYPSQPPVTTVGPSRDG,0
PYPATTSSQYPSQPPVTTVGPSRDGT,0
YPATTSSQYPSQPPVTTVGPSRDGTI,0
PATTSSQYPSQPPVTTVGPSRDGTIS,0
ATTSSQYPSQPPVTTVGPSRDGTISE,0
TTSSQYPSQPPVTTVGPSRDGTISED,0
TSSQYPSQPPVTTVGPSRDGTISEDT,0
SSQYPSQPPVTTVGPSRDGTISEDTI,0
SQYPSQPPVTTVGPSRDGTISEDTIR,0
QYPSQPPVTTVGPSRDGTISEDTIRA,0
YPSQPPVTTVGPSRDGTISEDTIRAS,0
PSQPPVTTVGPSRDGTISEDTIRASL,0
SQPPVTTVGPSRDGTISEDTIRASLI,0
QPPVTTVGPSRDGTISEDTIRASLIS,0
PPVTTVGPSRDGTISEDTIRASLISA,0
PVTTVGPSRDGTISEDTIRASLISAV,0
VTTVGPSRDGTISEDTIRASLISAVS,0
TTVGPSRDGTISEDTIRASLISAVSD,0
TVGPSRDGTISEDTIRASLISAVSDK,0
VGPSRDGTISEDTIRASLISAVSDKL,0
GPSRDGTISEDTIRASLISAVSDKLR,0
PSRDGTISEDTIRASLISAVSDKLRW,0
SRDGTISEDTIRASLISAVSDKLRWR,0
RDGTISEDTIRASLISAVSDKLRWRM,0
DGTISEDTIRASLISAVSDKLRWRMK,0
GTISEDTIRASLISAVSDKLRWRMKE,0
TISEDTIRASLISAVSDKLRWRMKEE,0
ISEDTIRASLISAVSDKLRWRMKEEM,0
SEDTIRASLISAVSDKLRWRMKEEMD,0
EDTIRASLISAVSDKLRWRMKEEMDR,0
DTIRASLISAVSDKLRWRMKEEMDRA,0
TIRASLISAVSDKLRWRMKEEMDRAQ,0
IRASLISAVSDKLRWRMKEEMDRAQA,0
RASLISAVSDKLRWRMKEEMDRAQAE,0
ASLISAVSDKLRWRMKEEMDRAQAEL,0
SLISAVSDKLRWRMKEEMDRAQAELN,0
LISAVSDKLRWRMKEEMDRAQAELNA,0
ISAVSDKLRWRMKEEMDRAQAELNAL,0
SAVSDKLRWRMKEEMDRAQAELNALK,0
AVSDKLRWRMKEEMDRAQAELNALKR,0
VSDKLRWRMKEEMDRAQAELNALKRT,0
SDKLRWRMKEEMDRAQAELNALKRTE,0
DKLRWRMKEEMDRAQAELNALKRTEE,0
KLRWRMKEEMDRAQAELNALKRTEED,0
LRWRMKEEMDRAQAELNALKRTEEDL,0
RWRMKEEMDRAQAELNALKRTEEDLK,0
WRMKEEMDRAQAELNALKRTEEDLKK,0
RMKEEMDRAQAELNALKRTEEDLKKG,0
MKEEMDRAQAELNALKRTEEDLKKGH,0
KEEMDRAQAELNALKRTEEDLKKGHQ,0
EEMDRAQAELNALKRTEEDLKKGHQK,0
EMDRAQAELNALKRTEEDLKKGHQKL,0
MDRAQAELNALKRTEEDLKKGHQKLE,0
DRAQAELNALKRTEEDLKKGHQKLEE,0
RAQAELNALKRTEEDLKKGHQKLEEM,0
AQAELNALKRTEEDLKKGHQKLEEMV,0
QAELNALKRTEEDLKKGHQKLEEMVT,0
AELNALKRTEEDLKKGHQKLEEMVTR,0
ELNALKRTEEDLKKGHQKLEEMVTRL,0
LNALKRTEEDLKKGHQKLEEMVTRLD,0
NALKRTEEDLKKGHQKLEEMVTRLDQ,0
ALKRTEEDLKKGHQKLEEMVTRLDQE,0
LKRTEEDLKKGHQKLEEMVTRLDQEV,0
KRTEEDLKKGHQKLEEMVTRLDQEVA,0
RTEEDLKKGHQKLEEMVTRLDQEVAE,0
TEEDLKKGHQKLEEMVTRLDQEVAEV,0
EEDLKKGHQKLEEMVTRLDQEVAEVD,0
EDLKKGHQKLEEMVTRLDQEVAEVDK,0
DLKKGHQKLEEMVTRLDQEVAEVDKN,0
LKKGHQKLEEMVTRLDQEVAEVDKNI,0
KKGHQKLEEMVTRLDQEVAEVDKNIE,0
KGHQKLEEMVTRLDQEVAEVDKNIEL,0
GHQKLEEMVTRLDQEVAEVDKNIELL,0
HQKLEEMVTRLDQEVAEVDKNIELLK,0
QKLEEMVTRLDQEVAEVDKNIELLKK,0
KLEEMVTRLDQEVAEVDKNIELLKKK,0
LEEMVTRLDQEVAEVDKNIELLKKKD,0
EEMVTRLDQEVAEVDKNIELLKKKDE,0
EMVTRLDQEVAEVDKNIELLKKKDEE,0
MVTRLDQEVAEVDKNIELLKKKDEEL,0
VTRLDQEVAEVDKNIELLKKKDEELS,0
TRLDQEVAEVDKNIELLKKKDEELSS,0
RLDQEVAEVDKNIELLKKKDEELSSA,0
LDQEVAEVDKNIELLKKKDEELSSAL,0
DQEVAEVDKNIELLKKKDEELSSALE,0
QEVAEVDKNIELLKKKDEELSSALEK,0
EVAEVDKNIELLKKKDEELSSALEKM,0
VAEVDKNIELLKKKDEELSSALEKME,0
AEVDKNIELLKKKDEELSSALEKMEN,0
EVDKNIELLKKKDEELSSALEKMENQ,0
VDKNIELLKKKDEELSSALEKMENQS,0
DKNIELLKKKDEELSSALEKMENQSE,0
KNIELLKKKDEELSSALEKMENQSEN,0
NIELLKKKDEELSSALEKMENQSENN,0
IELLKKKDEELSSALEKMENQSENND,0
ELLKKKDEELSSALEKMENQSENNDI,0
LLKKKDEELSSALEKMENQSENNDID,0
LKKKDEELSSALEKMENQSENNDIDE,0
KKKDEELSSALEKMENQSENNDIDEV,0
KKDEELSSALEKMENQSENNDIDEVI,0
KDEELSSALEKMENQSENNDIDEVII,0
DEELSSALEKMENQSENNDIDEVIIP,0
EELSSALEKMENQSENNDIDEVIIPT,0
ELSSALEKMENQSENNDIDEVIIPTA,0
LSSALEKMENQSENNDIDEVIIPTAP,0
SSALEKMENQSENNDIDEVIIPTAPL,0
SALEKMENQSENNDIDEVIIPTAPLY,0
ALEKMENQSENNDIDEVIIPTAPLYK,0
LEKMENQSENNDIDEVIIPTAPLYKQ,0
EKMENQSENNDIDEVIIPTAPLYKQI,0
KMENQSENNDIDEVIIPTAPLYKQIL,0
MENQSENNDIDEVIIPTAPLYKQILN,0
ENQSENNDIDEVIIPTAPLYKQILNL,0
NQSENNDIDEVIIPTAPLYKQILNLY,0
QSENNDIDEVIIPTAPLYKQILNLYA,0
SENNDIDEVIIPTAPLYKQILNLYAE,0
ENNDIDEVIIPTAPLYKQILNLYAEE,0
NNDIDEVIIPTAPLYKQILNLYAEEN,0
NDIDEVIIPTAPLYKQILNLYAEENA,0
DIDEVIIPTAPLYKQILNLYAEENAI,0
IDEVIIPTAPLYKQILNLYAEENAIE,0
DEVIIPTAPLYKQILNLYAEENAIED,0
EVIIPTAPLYKQILNLYAEENAIEDT,0
VIIPTAPLYKQILNLYAEENAIEDTI,0
IIPTAPLYKQILNLYAEENAIEDTIF,0
IPTAPLYKQILNLYAEENAIEDTIFY,0
PTAPLYKQILNLYAEENAIEDTIFYL,0
TAPLYKQILNLYAEENAIEDTIFYLG,0
APLYKQILNLYAEENAIEDTIFYLGE,0
PLYKQILNLYAEENAIEDTIFYLGEA,0
LYKQILNLYAEENAIEDTIFYLGEAL,0
YKQILNLYAEENAIEDTIFYLGEALR,0
KQILNLYAEENAIEDTIFYLGEALRR,0
QILNLYAEENAIEDTIFYLGEALRRG,0
ILNLYAEENAIEDTIFYLGEALRRGV,0
LNLYAEENAIEDTIFYLGEALRRGVI,0
NLYAEENAIEDTIFYLGEALRRGVID,0
LYAEENAIEDTIFYLGEALRRGVIDL,0
YAEENAIEDTIFYLGEALRRGVIDLD,0
AEENAIEDTIFYLGEALRRGVIDLDV,0
EENAIEDTIFYLGEALRRGVIDLDVF,0
ENAIEDTIFYLGEALRRGVIDLDVFL,0
NAIEDTIFYLGEALRRGVIDLDVFLK,0
AIEDTIFYLGEALRRGVIDLDVFLKH,0
IEDTIFYLGEALRRGVIDLDVFLKHV,0
EDTIFYLGEALRRGVIDLDVFLKHVR,0
DTIFYLGEALRRGVIDLDVFLKHVRL,0
TIFYLGEALRRGVIDLDVFLKHVRLL,0
IFYLGEALRRGVIDLDVFLKHVRLLS,0
FYLGEALRRGVIDLDVFLKHVRLLSR,0
YLGEALRRGVIDLDVFLKHVRLLSRK,0
LGEALRRGVIDLDVFLKHVRLLSRKQ,0
GEALRRGVIDLDVFLKHVRLLSRKQF,0
EALRRGVIDLDVFLKHVRLLSRKQFQ,0
ALRRGVIDLDVFLKHVRLLSRKQFQL,0
LRRGVIDLDVFLKHVRLLSRKQFQLR,0
RRGVIDLDVFLKHVRLLSRKQFQLRA,0
RGVIDLDVFLKHVRLLSRKQFQLRAL,0
GVIDLDVFLKHVRLLSRKQFQLRALM,0
VIDLDVFLKHVRLLSRKQFQLRALMQ,0
IDLDVFLKHVRLLSRKQFQLRALMQK,0
DLDVFLKHVRLLSRKQFQLRALMQKA,0
LDVFLKHVRLLSRKQFQLRALMQKAR,0
DVFLKHVRLLSRKQFQLRALMQKARK,0
VFLKHVRLLSRKQFQLRALMQKARKT,0
FLKHVRLLSRKQFQLRALMQKARKTA,0
LKHVRLLSRKQFQLRALMQKARKTAG,0
KHVRLLSRKQFQLRALMQKARKTAGL,0
HVRLLSRKQFQLRALMQKARKTAGLS,0
VRLLSRKQFQLRALMQKARKTAGLSD,0
RLLSRKQFQLRALMQKARKTAGLSDL,0
LLSRKQFQLRALMQKARKTAGLSDLY,0
MNLTGTIPVPYRGNTYNIPICLWLLD,0
NLTGTIPVPYRGNTYNIPICLWLLDT,0
LTGTIPVPYRGNTYNIPICLWLLDTY,0
TGTIPVPYRGNTYNIPICLWLLDTYP,0
GTIPVPYRGNTYNIPICLWLLDTYPY,0
TIPVPYRGNTYNIPICLWLLDTYPYN,0
IPVPYRGNTYNIPICLWLLDTYPYNP,0
PVPYRGNTYNIPICLWLLDTYPYNPP,0
VPYRGNTYNIPICLWLLDTYPYNPPI,0
PYRGNTYNIPICLWLLDTYPYNPPIC,0
YRGNTYNIPICLWLLDTYPYNPPICF,0
RGNTYNIPICLWLLDTYPYNPPICFV,0
GNTYNIPICLWLLDTYPYNPPICFVK,0
NTYNIPICLWLLDTYPYNPPICFVKP,0
TYNIPICLWLLDTYPYNPPICFVKPT,0
YNIPICLWLLDTYPYNPPICFVKPTS,0
NIPICLWLLDTYPYNPPICFVKPTSS,0
IPICLWLLDTYPYNPPICFVKPTSSM,0
PICLWLLDTYPYNPPICFVKPTSSMT,0
ICLWLLDTYPYNPPICFVKPTSSMTI,0
CLWLLDTYPYNPPICFVKPTSSMTIK,0
LWLLDTYPYNPPICFVKPTSSMTIKT,0
WLLDTYPYNPPICFVKPTSSMTIKTG,0
LLDTYPYNPPICFVKPTSSMTIKTGK,0
LDTYPYNPPICFVKPTSSMTIKTGKH,0
DTYPYNPPICFVKPTSSMTIKTGKHV,0
TYPYNPPICFVKPTSSMTIKTGKHVD,0
YPYNPPICFVKPTSSMTIKTGKHVDA,0
PYNPPICFVKPTSSMTIKTGKHVDAN,0
YNPPICFVKPTSSMTIKTGKHVDANG,0
NPPICFVKPTSSMTIKTGKHVDANGK,0
PPICFVKPTSSMTIKTGKHVDANGKI,0
PICFVKPTSSMTIKTGKHVDANGKIY,0
ICFVKPTSSMTIKTGKHVDANGKIYL,0
CFVKPTSSMTIKTGKHVDANGKIYLP,0
FVKPTSSMTIKTGKHVDANGKIYLPY,0
VKPTSSMTIKTGKHVDANGKIYLPYL,0
KPTSSMTIKTGKHVDANGKIYLPYLH,0
PTSSMTIKTGKHVDANGKIYLPYLHE,0
TSSMTIKTGKHVDANGKIYLPYLHEW,0
SSMTIKTGKHVDANGKIYLPYLHEWK,0
SMTIKTGKHVDANGKIYLPYLHEWKH,0
MTIKTGKHVDANGKIYLPYLHEWKHP,0
TIKTGKHVDANGKIYLPYLHEWKHPQ,0
IKTGKHVDANGKIYLPYLHEWKHPQS,0
KTGKHVDANGKIYLPYLHEWKHPQSD,0
TGKHVDANGKIYLPYLHEWKHPQSDL,0
GKHVDANGKIYLPYLHEWKHPQSDLL,0
KHVDANGKIYLPYLHEWKHPQSDLLG,0
HVDANGKIYLPYLHEWKHPQSDLLGL,0
VDANGKIYLPYLHEWKHPQSDLLGLI,0
DANGKIYLPYLHEWKHPQSDLLGLIQ,0
ANGKIYLPYLHEWKHPQSDLLGLIQV,0
NGKIYLPYLHEWKHPQSDLLGLIQVM,0
GKIYLPYLHEWKHPQSDLLGLIQVMI,0
KIYLPYLHEWKHPQSDLLGLIQVMIV,0
IYLPYLHEWKHPQSDLLGLIQVMIVV,0
YLPYLHEWKHPQSDLLGLIQVMIVVF,0
LPYLHEWKHPQSDLLGLIQVMIVVFG,0
PYLHEWKHPQSDLLGLIQVMIVVFGD,0
YLHEWKHPQSDLLGLIQVMIVVFGDE,0
LHEWKHPQSDLLGLIQVMIVVFGDEP,0
HEWKHPQSDLLGLIQVMIVVFGDEPP,0
EWKHPQSDLLGLIQVMIVVFGDEPPV,0
WKHPQSDLLGLIQVMIVVFGDEPPVF,0
KHPQSDLLGLIQVMIVVFGDEPPVFS,0
HPQSDLLGLIQVMIVVFGDEPPVFSR,0
PQSDLLGLIQVMIVVFGDEPPVFSRP,0
QSDLLGLIQVMIVVFGDEPPVFSRPI,0
SDLLGLIQVMIVVFGDEPPVFSRPIS,0
DLLGLIQVMIVVFGDEPPVFSRPISA,0
LLGLIQVMIVVFGDEPPVFSRPISAS,0
LGLIQVMIVVFGDEPPVFSRPISASY,0
GLIQVMIVVFGDEPPVFSRPISASYP,0
LIQVMIVVFGDEPPVFSRPISASYPP,0
IQVMIVVFGDEPPVFSRPISASYPPY,0
QVMIVVFGDEPPVFSRPISASYPPYQ,0
VMIVVFGDEPPVFSRPISASYPPYQA,1
MIVVFGDEPPVFSRPISASYPPYQAT,1
IVVFGDEPPVFSRPISASYPPYQATG,0
VVFGDEPPVFSRPISASYPPYQATGP,1
VFGDEPPVFSRPISASYPPYQATGPP,1
FGDEPPVFSRPISASYPPYQATGPPN,1
GDEPPVFSRPISASYPPYQATGPPNT,1
DEPPVFSRPISASYPPYQATGPPNTS,1
EPPVFSRPISASYPPYQATGPPNTSY,1
PPVFSRPISASYPPYQATGPPNTSYM,1
PVFSRPISASYPPYQATGPPNTSYMP,1
VFSRPISASYPPYQATGPPNTSYMPG,1
FSRPISASYPPYQATGPPNTSYMPGM,1
SRPISASYPPYQATGPPNTSYMPGMP,1
RPISASYPPYQATGPPNTSYMPGMPG,1
PISASYPPYQATGPPNTSYMPGMPGG,0
ISASYPPYQATGPPNTSYMPGMPGGI,0
SASYPPYQATGPPNTSYMPGMPGGIS,0
ASYPPYQATGPPNTSYMPGMPGGISP,0
SYPPYQATGPPNTSYMPGMPGGISPY,0
YPPYQATGPPNTSYMPGMPGGISPYP,0
PPYQATGPPNTSYMPGMPGGISPYPS,0
PYQATGPPNTSYMPGMPGGISPYPSG,0
YQATGPPNTSYMPGMPGGISPYPSGY,0
QATGPPNTSYMPGMPGGISPYPSGYP,0
ATGPPNTSYMPGMPGGISPYPSGYPP,0
TGPPNTSYMPGMPGGISPYPSGYPPN,0
GPPNTSYMPGMPGGISPYPSGYPPNP,0
PPNTSYMPGMPGGISPYPSGYPPNPS,1
PNTSYMPGMPGGISPYPSGYPPNPSG,0
NTSYMPGMPGGISPYPSGYPPNPSGY,0
TSYMPGMPGGISPYPSGYPPNPSGYP,0
SYMPGMPGGISPYPSGYPPNPSGYPG,0
YMPGMPGGISPYPSGYPPNPSGYPGC,0
MPGMPGGISPYPSGYPPNPSGYPGCP,0
PGMPGGISPYPSGYPPNPSGYPGCPY,0
GMPGGISPYPSGYPPNPSGYPGCPYP,0
MPGGISPYPSGYPPNPSGYPGCPYPP,0
PGGISPYPSGYPPNPSGYPGCPYPPG,0
GGISPYPSGYPPNPSGYPGCPYPPGG,0
GISPYPSGYPPNPSGYPGCPYPPGGP,0
ISPYPSGYPPNPSGYPGCPYPPGGPY,0
SPYPSGYPPNPSGYPGCPYPPGGPYP,0
PYPSGYPPNPSGYPGCPYPPGGPYPA,1
YPSGYPPNPSGYPGCPYPPGGPYPAT,0
PSGYPPNPSGYPGCPYPPGGPYPATT,0
SGYPPNPSGYPGCPYPPGGPYPATTS,1
GYPPNPSGYPGCPYPPGGPYPATTSS,1
YPPNPSGYPGCPYPPGGPYPATTSSQ,1
PPNPSGYPGCPYPPGGPYPATTSSQY,1
PNPSGYPGCPYPPGGPYPATTSSQYP,1
NPSGYPGCPYPPGGPYPATTSSQYPS,1
PSGYPGCPYPPGGPYPATTSSQYPSQ,1
SGYPGCPYPPGGPYPATTSSQYPSQP,1
GYPGCPYPPGGPYPATTSSQYPSQPP,1
YPGCPYPPGGPYPATTSSQYPSQPPV,1
PGCPYPPGGPYPATTSSQYPSQPPVT,1
GCPYPPGGPYPATTSSQYPSQPPVTT,1
CPYPPGGPYPATTSSQYPSQPPVTTV,1
PYPPGGPYPATTSSQYPSQPPVTTVG,1
YPPGGPYPATTSSQYPSQPPVTTVGP,1
PPGGPYPATTSSQYPSQPPVTTVGPS,1
PGGPYPATTSSQYPSQPPVTTVGPSR,1
GGPYPATTSSQYPSQPPVTTVGPSRD,0
GPYPATTSSQYPSQPPVTTVGPSRDG,0
PYPATTSSQYPSQPPVTTVGPSRDGT,0
YPATTSSQYPSQPPVTTVGPSRDGTI,0
PATTSSQYPSQPPVTTVGPSRDGTIS,0
ATTSSQYPSQPPVTTVGPSRDGTISE,0
TTSSQYPSQPPVTTVGPSRDGTISED,0
TSSQYPSQPPVTTVGPSRDGTISEDT,0
SSQYPSQPPVTTVGPSRDGTISEDTI,0
SQYPSQPPVTTVGPSRDGTISEDTIR,0
QYPSQPPVTTVGPSRDGTISEDTIRA,0
YPSQPPVTTVGPSRDGTISEDTIRAS,0
PSQPPVTTVGPSRDGTISEDTIRASL,0
SQPPVTTVGPSRDGTISEDTIRASLI,0
QPPVTTVGPSRDGTISEDTIRASLIS,0
PPVTTVGPSRDGTISEDTIRASLISA,0
PVTTVGPSRDGTISEDTIRASLISAV,0
VTTVGPSRDGTISEDTIRASLISAVS,0
TTVGPSRDGTISEDTIRASLISAVSD,0
TVGPSRDGTISEDTIRASLISAVSDK,0
VGPSRDGTISEDTIRASLISAVSDKL,0
GPSRDGTISEDTIRASLISAVSDKLR,0
PSRDGTISEDTIRASLISAVSDKLRW,0
SRDGTISEDTIRASLISAVSDKLRWR,0
RDGTISEDTIRASLISAVSDKLRWRM,0
DGTISEDTIRASLISAVSDKLRWRMK,0
GTISEDTIRASLISAVSDKLRWRMKE,0
TISEDTIRASLISAVSDKLRWRMKEE,0
ISEDTIRASLISAVSDKLRWRMKEEM,0
SEDTIRASLISAVSDKLRWRMKEEMD,0
EDTIRASLISAVSDKLRWRMKEEMDR,0
DTIRASLISAVSDKLRWRMKEEMDRA,0
TIRASLISAVSDKLRWRMKEEMDRAQ,0
IRASLISAVSDKLRWRMKEEMDRAQA,0
RASLISAVSDKLRWRMKEEMDRAQAE,0
ASLISAVSDKLRWRMKEEMDRAQAEL,0
SLISAVSDKLRWRMKEEMDRAQAELN,0
LISAVSDKLRWRMKEEMDRAQAELNA,0
ISAVSDKLRWRMKEEMDRAQAELNAL,0
SAVSDKLRWRMKEEMDRAQAELNALK,0
AVSDKLRWRMKEEMDRAQAELNALKR,0
VSDKLRWRMKEEMDRAQAELNALKRT,0
SDKLRWRMKEEMDRAQAELNALKRTE,0
DKLRWRMKEEMDRAQAELNALKRTEE,0
KLRWRMKEEMDRAQAELNALKRTEED,0
LRWRMKEEMDRAQAELNALKRTEEDL,0
RWRMKEEMDRAQAELNALKRTEEDLK,0
WRMKEEMDRAQAELNALKRTEEDLKK,0
RMKEEMDRAQAELNALKRTEEDLKKG,0
MKEEMDRAQAELNALKRTEEDLKKGH,0
KEEMDRAQAELNALKRTEEDLKKGHQ,0
EEMDRAQAELNALKRTEEDLKKGHQK,0
EMDRAQAELNALKRTEEDLKKGHQKL,0
MDRAQAELNALKRTEEDLKKGHQKLE,0
DRAQAELNALKRTEEDLKKGHQKLEE,0
RAQAELNALKRTEEDLKKGHQKLEEM,0
AQAELNALKRTEEDLKKGHQKLEEMV,0
QAELNALKRTEEDLKKGHQKLEEMVT,0
AELNALKRTEEDLKKGHQKLEEMVTR,0
ELNALKRTEEDLKKGHQKLEEMVTRL,0
LNALKRTEEDLKKGHQKLEEMVTRLD,0
NALKRTEEDLKKGHQKLEEMVTRLDQ,0
ALKRTEEDLKKGHQKLEEMVTRLDQE,0
LKRTEEDLKKGHQKLEEMVTRLDQEV,0
KRTEEDLKKGHQKLEEMVTRLDQEVA,0
RTEEDLKKGHQKLEEMVTRLDQEVAE,0
TEEDLKKGHQKLEEMVTRLDQEVAEV,0
EEDLKKGHQKLEEMVTRLDQEVAEVD,0
EDLKKGHQKLEEMVTRLDQEVAEVDK,0
DLKKGHQKLEEMVTRLDQEVAEVDKN,0
LKKGHQKLEEMVTRLDQEVAEVDKNI,0
KKGHQKLEEMVTRLDQEVAEVDKNIE,0
KGHQKLEEMVTRLDQEVAEVDKNIEL,0
GHQKLEEMVTRLDQEVAEVDKNIELL,0
HQKLEEMVTRLDQEVAEVDKNIELLK,0
QKLEEMVTRLDQEVAEVDKNIELLKK,0
KLEEMVTRLDQEVAEVDKNIELLKKK,0
LEEMVTRLDQEVAEVDKNIELLKKKD,0
EEMVTRLDQEVAEVDKNIELLKKKDE,0
EMVTRLDQEVAEVDKNIELLKKKDEE,0
MVTRLDQEVAEVDKNIELLKKKDEEL,0
VTRLDQEVAEVDKNIELLKKKDEELS,0
TRLDQEVAEVDKNIELLKKKDEELSS,0
RLDQEVAEVDKNIELLKKKDEELSSA,0
LDQEVAEVDKNIELLKKKDEELSSAL,0
DQEVAEVDKNIELLKKKDEELSSALE,0
QEVAEVDKNIELLKKKDEELSSALEK,0
EVAEVDKNIELLKKKDEELSSALEKM,0
VAEVDKNIELLKKKDEELSSALEKME,0
AEVDKNIELLKKKDEELSSALEKMEN,0
EVDKNIELLKKKDEELSSALEKMENQ,0
VDKNIELLKKKDEELSSALEKMENQS,0
DKNIELLKKKDEELSSALEKMENQSE,0
KNIELLKKKDEELSSALEKMENQSEN,0
NIELLKKKDEELSSALEKMENQSENN,0
IELLKKKDEELSSALEKMENQSENND,0
ELLKKKDEELSSALEKMENQSENNDI,0
LLKKKDEELSSALEKMENQSENNDID,0
LKKKDEELSSALEKMENQSENNDIDE,0
KKKDEELSSALEKMENQSENNDIDEV,0
KKDEELSSALEKMENQSENNDIDEVI,0
KDEELSSALEKMENQSENNDIDEVII,0
DEELSSALEKMENQSENNDIDEVIIP,0
EELSSALEKMENQSENNDIDEVIIPT,0
ELSSALEKMENQSENNDIDEVIIPTA,0
LSSALEKMENQSENNDIDEVIIPTAP,0
SSALEKMENQSENNDIDEVIIPTAPL,0
SALEKMENQSENNDIDEVIIPTAPLY,0
ALEKMENQSENNDIDEVIIPTAPLYK,0
LEKMENQSENNDIDEVIIPTAPLYKQ,0
EKMENQSENNDIDEVIIPTAPLYKQI,0
KMENQSENNDIDEVIIPTAPLYKQIL,0
MENQSENNDIDEVIIPTAPLYKQILN,0
ENQSENNDIDEVIIPTAPLYKQILNL,0
NQSENNDIDEVIIPTAPLYKQILNLY,0
QSENNDIDEVIIPTAPLYKQILNLYA,0
SENNDIDEVIIPTAPLYKQILNLYAE,0
ENNDIDEVIIPTAPLYKQILNLYAEE,0
NNDIDEVIIPTAPLYKQILNLYAEEN,0
NDIDEVIIPTAPLYKQILNLYAEENA,0
DIDEVIIPTAPLYKQILNLYAEENAI,0
IDEVIIPTAPLYKQILNLYAEENAIE,0
DEVIIPTAPLYKQILNLYAEENAIED,0
EVIIPTAPLYKQILNLYAEENAIEDT,0
VIIPTAPLYKQILNLYAEENAIEDTI,0
IIPTAPLYKQILNLYAEENAIEDTIF,0
IPTAPLYKQILNLYAEENAIEDTIFY,0
PTAPLYKQILNLYAEENAIEDTIFYL,0
TAPLYKQILNLYAEENAIEDTIFYLG,0
APLYKQILNLYAEENAIEDTIFYLGE,0
PLYKQILNLYAEENAIEDTIFYLGEA,0
LYKQILNLYAEENAIEDTIFYLGEAL,0
YKQILNLYAEENAIEDTIFYLGEALR,0
KQILNLYAEENAIEDTIFYLGEALRR,0
QILNLYAEENAIEDTIFYLGEALRRG,0
ILNLYAEENAIEDTIFYLGEALRRGV,0
LNLYAEENAIEDTIFYLGEALRRGVI,0
NLYAEENAIEDTIFYLGEALRRGVID,0
LYAEENAIEDTIFYLGEALRRGVIDL,0
YAEENAIEDTIFYLGEALRRGVIDLD,0
AEENAIEDTIFYLGEALRRGVIDLDV,0
EENAIEDTIFYLGEALRRGVIDLDVF,0
ENAIEDTIFYLGEALRRGVIDLDVFL,0
NAIEDTIFYLGEALRRGVIDLDVFLK,0
AIEDTIFYLGEALRRGVIDLDVFLKH,0
IEDTIFYLGEALRRGVIDLDVFLKHV,0
EDTIFYLGEALRRGVIDLDVFLKHVR,0
DTIFYLGEALRRGVIDLDVFLKHVRL,0
TIFYLGEALRRGVIDLDVFLKHVRLL,0
IFYLGEALRRGVIDLDVFLKHVRLLS,0
FYLGEALRRGVIDLDVFLKHVRLLSR,0
YLGEALRRGVIDLDVFLKHVRLLSRK,0
LGEALRRGVIDLDVFLKHVRLLSRKQ,0
GEALRRGVIDLDVFLKHVRLLSRKQF,0
EALRRGVIDLDVFLKHVRLLSRKQFQ,0
ALRRGVIDLDVFLKHVRLLSRKQFQL,0
LRRGVIDLDVFLKHVRLLSRKQFQLR,0
RRGVIDLDVFLKHVRLLSRKQFQLRA,0
RGVIDLDVFLKHVRLLSRKQFQLRAL,0
GVIDLDVFLKHVRLLSRKQFQLRALM,0
VIDLDVFLKHVRLLSRKQFQLRALMQ,0
IDLDVFLKHVRLLSRKQFQLRALMQK,0
DLDVFLKHVRLLSRKQFQLRALMQKA,0
LDVFLKHVRLLSRKQFQLRALMQKAR,0
DVFLKHVRLLSRKQFQLRALMQKARK,0
VFLKHVRLLSRKQFQLRALMQKARKT,0
FLKHVRLLSRKQFQLRALMQKARKTA,0
LKHVRLLSRKQFQLRALMQKARKTAG,0
KHVRLLSRKQFQLRALMQKARKTAGL,0
HVRLLSRKQFQLRALMQKARKTAGLS,0
VRLLSRKQFQLRALMQKARKTAGLSD,0
RLLSRKQFQLRALMQKARKTAGLSDL,0
LLSRKQFQLRALMQKARKTAGLSDLY,0
